Username,Email,First Name,Last Name
user_4135_1754820369_1_2004,user_4135_1754820369_1_2004@example.com,User,1
user_4135_1754820369_2_8221,user_4135_1754820369_2_8221@example.com,User,1
user_4135_1754820369_3_4396,user_4135_1754820369_3_4396@example.com,User,1
user_4135_1754820369_4_4883,user_4135_1754820369_4_4883@example.com,User,1
user_4135_1754820369_5_9963,user_4135_1754820369_5_9963@example.com,User,1
user_4135_1754820369_6_1518,user_4135_1754820369_6_1518@example.com,User,1
user_4135_1754820369_7_2912,user_4135_1754820369_7_2912@example.com,User,1
user_4135_1754820369_8_2137,user_4135_1754820369_8_2137@example.com,User,1
user_4135_1754820369_9_6192,user_4135_1754820369_9_6192@example.com,User,1
user_4135_1754820369_10_7429,user_4135_1754820369_10_7429@example.com,User,1
